county,state,county_fips,state_fips
Aleutians East,AK,013,02
Aleutians West,AK,016,02
Anchorage,AK,020,02
Bethel,AK,050,02
Bristol Bay,AK,060,02
Denali,AK,068,02
Dillingham,AK,070,02
Fairbanks North Star,AK,090,02
Haines,AK,100,02
Juneau,AK,110,02
Kenai Peninsula,AK,122,02
Ketchikan Gateway,AK,130,02
Kodiak Island,AK,150,02
Lake and Peninsula,AK,164,02
Matanuska-Susitna,AK,170,02
Nome,AK,180,02
North Slope,AK,185,02
Northwest Arctic,AK,188,02
Prince of Wales-Outer Ketchika,Prince of Wales-Outer Ketchika,201,02
Sitka,AK,220,02
Skagway-Hoonah-Angoon,AK,232,02
Southeast Fairbanks,AK,240,02
Valdez-Cordova,AK,261,02
Wade Hampton,AK,270,02
Wrangell-Petersburg,AK,280,02
Yakutat,AK,282,02
Yukon-Koyukuk,AK,290,02
Autauga,AL,001,01
Baldwin,AL,003,01
Barbour,AL,005,01
Bibb,AL,007,01
Blount,AL,009,01
Bullock,AL,011,01
Butler,AL,013,01
Calhoun,AL,015,01
Chambers,AL,017,01
Cherokee,AL,019,01
Chilton,AL,021,01
Choctaw,AL,023,01
Clarke,AL,025,01
Clay,AL,027,01
Cleburne,AL,029,01
Coffee,AL,031,01
Colbert,AL,033,01
Conecuh,AL,035,01
Coosa,AL,037,01
Covington,AL,039,01
Crenshaw,AL,041,01
Cullman,AL,043,01
Dale,AL,045,01
Dallas,AL,047,01
De Kalb,AL,049,01
Elmore,AL,051,01
Escambia,AL,053,01
Etowah,AL,055,01
Fayette,AL,057,01
Franklin,AL,059,01
Geneva,AL,061,01
Greene,AL,063,01
Hale,AL,065,01
Henry,AL,067,01
Houston,AL,069,01
Jackson,AL,071,01
Jefferson,AL,073,01
Lamar,AL,075,01
Lauderdale,AL,077,01
Lawrence,AL,079,01
Lee,AL,081,01
Limestone,AL,083,01
Lowndes,AL,085,01
Macon,AL,087,01
Madison,AL,089,01
Marengo,AL,091,01
Marion,AL,093,01
Marshall,AL,095,01
Mobile,AL,097,01
Monroe,AL,099,01
Montgomery,AL,101,01
Morgan,AL,103,01
Perry,AL,105,01
Pickens,AL,107,01
Pike,AL,109,01
Randolph,AL,111,01
Russell,AL,113,01
St. Clair,AL,115,01
Shelby,AL,117,01
Sumter,AL,119,01
Talladega,AL,121,01
Tallapoosa,AL,123,01
Tuscaloosa,AL,125,01
Walker,AL,127,01
Washington,AL,129,01
Wilcox,AL,131,01
Winston,AL,133,01
Apache,AZ,001,04
Cochise,AZ,003,04
Coconino,AZ,005,04
Gila,AZ,007,04
Graham,AZ,009,04
Greenlee,AZ,011,04
La Paz,AZ,012,04
Maricopa,AZ,013,04
Mohave,AZ,015,04
Navajo,AZ,017,04
Pima,AZ,019,04
Pinal,AZ,021,04
Santa Cruz,AZ,023,04
Yavapai,AZ,025,04
Yuma,AZ,027,04
Arkansas,AR,001,05
Ashley,AR,003,05
Baxter,AR,005,05
Benton,AR,007,05
Boone,AR,009,05
Bradley,AR,011,05
Calhoun,AR,013,05
Carroll,AR,015,05
Chicot,AR,017,05
Clark,AR,019,05
Clay,AR,021,05
Cleburne,AR,023,05
Cleveland,AR,025,05
Columbia,AR,027,05
Conway,AR,029,05
Craighead,AR,031,05
Crawford,AR,033,05
Crittenden,AR,035,05
Cross,AR,037,05
Dallas,AR,039,05
Desha,AR,041,05
Drew,AR,043,05
Faulkner,AR,045,05
Franklin,AR,047,05
Fulton,AR,049,05
Garland,AR,051,05
Grant,AR,053,05
Greene,AR,055,05
Hempstead,AR,057,05
Hot Spring,AR,059,05
Howard,AR,061,05
Independence,AR,063,05
Izard,AR,065,05
Jackson,AR,067,05
Jefferson,AR,069,05
Johnson,AR,071,05
Lafayette,AR,073,05
Lawrence,AR,075,05
Lee,AR,077,05
Lincoln,AR,079,05
Little River,AR,081,05
Logan,AR,083,05
Lonoke,AR,085,05
Madison,AR,087,05
Marion,AR,089,05
Miller,AR,091,05
Mississippi,AR,093,05
Monroe,AR,095,05
Montgomery,AR,097,05
Nevada,AR,099,05
Newton,AR,101,05
Ouachita,AR,103,05
Perry,AR,105,05
Phillips,AR,107,05
Pike,AR,109,05
Poinsett,AR,111,05
Polk,AR,113,05
Pope,AR,115,05
Prairie,AR,117,05
Pulaski,AR,119,05
Randolph,AR,121,05
St. Francis,AR,123,05
Saline,AR,125,05
Scott,AR,127,05
Searcy,AR,129,05
Sebastian,AR,131,05
Sevier,AR,133,05
Sharp,AR,135,05
Stone,AR,137,05
Union,AR,139,05
Van Buren,AR,141,05
Washington,AR,143,05
White,AR,145,05
Woodruff,AR,147,05
Yell,AR,149,05
Alameda,CA,001,06
Alpine,CA,003,06
Amador,CA,005,06
Butte,CA,007,06
Calaveras,CA,009,06
Colusa,CA,011,06
Contra Costa,CA,013,06
Del Norte,CA,015,06
El Dorado,CA,017,06
Fresno,CA,019,06
Glenn,CA,021,06
Humboldt,CA,023,06
Imperial,CA,025,06
Inyo,CA,027,06
Kern,CA,029,06
Kings,CA,031,06
Lake,CA,033,06
Lassen,CA,035,06
Los Angeles,CA,037,06
Madera,CA,039,06
Marin,CA,041,06
Mariposa,CA,043,06
Mendocino,CA,045,06
Merced,CA,047,06
Modoc,CA,049,06
Mono,CA,051,06
Monterey,CA,053,06
Napa,CA,055,06
Nevada,CA,057,06
Orange,CA,059,06
Placer,CA,061,06
Plumas,CA,063,06
Riverside,CA,065,06
Sacramento,CA,067,06
San Benito,CA,069,06
San Bernardino,CA,071,06
San Diego,CA,073,06
San Francisco,CA,075,06
San Joaquin,CA,077,06
San Luis Obispo,CA,079,06
San Mateo,CA,081,06
Santa Barbara,CA,083,06
Santa Clara,CA,085,06
Santa Cruz,CA,087,06
Shasta,CA,089,06
Sierra,CA,091,06
Siskiyou,CA,093,06
Solano,CA,095,06
Sonoma,CA,097,06
Stanislaus,CA,099,06
Sutter,CA,101,06
Tehama,CA,103,06
Trinity,CA,105,06
Tulare,CA,107,06
Tuolumne,CA,109,06
Ventura,CA,111,06
Yolo,CA,113,06
Yuba,CA,115,06
Adams,CO,001,08
Alamosa,CO,003,08
Arapahoe,CO,005,08
Archuleta,CO,007,08
Baca,CO,009,08
Bent,CO,011,08
Boulder,CO,013,08
Chaffee,CO,015,08
Cheyenne,CO,017,08
Clear Creek,CO,019,08
Conejos,CO,021,08
Costilla,CO,023,08
Crowley,CO,025,08
Custer,CO,027,08
Delta,CO,029,08
Denver,CO,031,08
Dolores,CO,033,08
Douglas,CO,035,08
Eagle,CO,037,08
Elbert,CO,039,08
El Paso,CO,041,08
Fremont,CO,043,08
Garfield,CO,045,08
Gilpin,CO,047,08
Grand,CO,049,08
Gunnison,CO,051,08
Hinsdale,CO,053,08
Huerfano,CO,055,08
Jackson,CO,057,08
Jefferson,CO,059,08
Kiowa,CO,061,08
Kit Carson,CO,063,08
Lake,CO,065,08
La Plata,CO,067,08
Larimer,CO,069,08
Las Animas,CO,071,08
Lincoln,CO,073,08
Logan,CO,075,08
Mesa,CO,077,08
Mineral,CO,079,08
Moffat,CO,081,08
Montezuma,CO,083,08
Montrose,CO,085,08
Morgan,CO,087,08
Otero,CO,089,08
Ouray,CO,091,08
Park,CO,093,08
Phillips,CO,095,08
Pitkin,CO,097,08
Prowers,CO,099,08
Pueblo,CO,101,08
Rio Blanco,CO,103,08
Rio Grande,CO,105,08
Routt,CO,107,08
Saguache,CO,109,08
San Juan,CO,111,08
San Miguel,CO,113,08
Sedgwick,CO,115,08
Summit,CO,117,08
Teller,CO,119,08
Washington,CO,121,08
Weld,CO,123,08
Yuma,CO,125,08
Fairfield,CT,001,09
Hartford,CT,003,09
Litchfield,CT,005,09
Middlesex,CT,007,09
New Haven,CT,009,09
New London,CT,011,09
Tolland,CT,013,09
Windham,CT,015,09
District of Columbia,District of Columbia,001,11
Kent,DE,001,10
New Castle,DE,003,10
Sussex,DE,005,10
Alachua,FL,001,12
Baker,FL,003,12
Bay,FL,005,12
Bradford,FL,007,12
Brevard,FL,009,12
Broward,FL,011,12
Calhoun,FL,013,12
Charlotte,FL,015,12
Citrus,FL,017,12
Clay,FL,019,12
Collier,FL,021,12
Columbia,FL,023,12
Dade,FL,025,12
De Soto,FL,027,12
Dixie,FL,029,12
Duval,FL,031,12
Escambia,FL,033,12
Flagler,FL,035,12
Franklin,FL,037,12
Gadsden,FL,039,12
Gilchrist,FL,041,12
Glades,FL,043,12
Gulf,FL,045,12
Hamilton,FL,047,12
Hardee,FL,049,12
Hendry,FL,051,12
Hernando,FL,053,12
Highlands,FL,055,12
Hillsborough,FL,057,12
Holmes,FL,059,12
Indian River,FL,061,12
Jackson,FL,063,12
Jefferson,FL,065,12
Lafayette,FL,067,12
Lake,FL,069,12
Lee,FL,071,12
Leon,FL,073,12
Levy,FL,075,12
Liberty,FL,077,12
Madison,FL,079,12
Manatee,FL,081,12
Marion,FL,083,12
Martin,FL,085,12
Monroe,FL,087,12
Nassau,FL,089,12
Okaloosa,FL,091,12
Okeechobee,FL,093,12
Orange,FL,095,12
Osceola,FL,097,12
Palm Beach,FL,099,12
Pasco,FL,101,12
Pinellas,FL,103,12
Polk,FL,105,12
Putnam,FL,107,12
St. Johns,FL,109,12
St. Lucie,FL,111,12
Santa Rosa,FL,113,12
Sarasota,FL,115,12
Seminole,FL,117,12
Sumter,FL,119,12
Suwannee,FL,121,12
Taylor,FL,123,12
Union,FL,125,12
Volusia,FL,127,12
Wakulla,FL,129,12
Walton,FL,131,12
Washington,FL,133,12
Appling,GA,001,13
Atkinson,GA,003,13
Bacon,GA,005,13
Baker,GA,007,13
Baldwin,GA,009,13
Banks,GA,011,13
Barrow,GA,013,13
Bartow,GA,015,13
Ben Hill,GA,017,13
Berrien,GA,019,13
Bibb,GA,021,13
Bleckley,GA,023,13
Brantley,GA,025,13
Brooks,GA,027,13
Bryan,GA,029,13
Bulloch,GA,031,13
Burke,GA,033,13
Butts,GA,035,13
Calhoun,GA,037,13
Camden,GA,039,13
Candler,GA,043,13
Carroll,GA,045,13
Catoosa,GA,047,13
Charlton,GA,049,13
Chatham,GA,051,13
Chattahoochee,GA,053,13
Chattooga,GA,055,13
Cherokee,GA,057,13
Clarke,GA,059,13
Clay,GA,061,13
Clayton,GA,063,13
Clinch,GA,065,13
Cobb,GA,067,13
Coffee,GA,069,13
Colquitt,GA,071,13
Columbia,GA,073,13
Cook,GA,075,13
Coweta,GA,077,13
Crawford,GA,079,13
Crisp,GA,081,13
Dade,GA,083,13
Dawson,GA,085,13
Decatur,GA,087,13
De Kalb,GA,089,13
Dodge,GA,091,13
Dooly,GA,093,13
Dougherty,GA,095,13
Douglas,GA,097,13
Early,GA,099,13
Echols,GA,101,13
Effingham,GA,103,13
Elbert,GA,105,13
Emanuel,GA,107,13
Evans,GA,109,13
Fannin,GA,111,13
Fayette,GA,113,13
Floyd,GA,115,13
Forsyth,GA,117,13
Franklin,GA,119,13
Fulton,GA,121,13
Gilmer,GA,123,13
Glascock,GA,125,13
Glynn,GA,127,13
Gordon,GA,129,13
Grady,GA,131,13
Greene,GA,133,13
Gwinnett,GA,135,13
Habersham,GA,137,13
Hall,GA,139,13
Hancock,GA,141,13
Haralson,GA,143,13
Harris,GA,145,13
Hart,GA,147,13
Heard,GA,149,13
Henry,GA,151,13
Houston,GA,153,13
Irwin,GA,155,13
Jackson,GA,157,13
Jasper,GA,159,13
Jeff Davis,GA,161,13
Jefferson,GA,163,13
Jenkins,GA,165,13
Johnson,GA,167,13
Jones,GA,169,13
Lamar,GA,171,13
Lanier,GA,173,13
Laurens,GA,175,13
Lee,GA,177,13
Liberty,GA,179,13
Lincoln,GA,181,13
Long,GA,183,13
Lowndes,GA,185,13
Lumpkin,GA,187,13
McDuffie,GA,189,13
McIntosh,GA,191,13
Macon,GA,193,13
Madison,GA,195,13
Marion,GA,197,13
Meriwether,GA,199,13
Miller,GA,201,13
Mitchell,GA,205,13
Monroe,GA,207,13
Montgomery,GA,209,13
Morgan,GA,211,13
Murray,GA,213,13
Muscogee,GA,215,13
Newton,GA,217,13
Oconee,GA,219,13
Oglethorpe,GA,221,13
Paulding,GA,223,13
Peach,GA,225,13
Pickens,GA,227,13
Pierce,GA,229,13
Pike,GA,231,13
Polk,GA,233,13
Pulaski,GA,235,13
Putnam,GA,237,13
Quitman,GA,239,13
Rabun,GA,241,13
Randolph,GA,243,13
Richmond,GA,245,13
Rockdale,GA,247,13
Schley,GA,249,13
Screven,GA,251,13
Seminole,GA,253,13
Spalding,GA,255,13
Stephens,GA,257,13
Stewart,GA,259,13
Sumter,GA,261,13
Talbot,GA,263,13
Taliaferro,GA,265,13
Tattnall,GA,267,13
Taylor,GA,269,13
Telfair,GA,271,13
Terrell,GA,273,13
Thomas,GA,275,13
Tift,GA,277,13
Toombs,GA,279,13
Towns,GA,281,13
Treutlen,GA,283,13
Troup,GA,285,13
Turner,GA,287,13
Twiggs,GA,289,13
Union,GA,291,13
Upson,GA,293,13
Walker,GA,295,13
Walton,GA,297,13
Ware,GA,299,13
Warren,GA,301,13
Washington,GA,303,13
Wayne,GA,305,13
Webster,GA,307,13
Wheeler,GA,309,13
White,GA,311,13
Whitfield,GA,313,13
Wilcox,GA,315,13
Wilkes,GA,317,13
Wilkinson,GA,319,13
Worth,GA,321,13
Hawaii,HI,001,15
Honolulu,HI,003,15
Kalawao,HI,005,15
Kauai,HI,007,15
Maui,HI,009,15
Adair,IA,001,19
Adams,IA,003,19
Allamakee,IA,005,19
Appanoose,IA,007,19
Audubon,IA,009,19
Benton,IA,011,19
Black Hawk,IA,013,19
Boone,IA,015,19
Bremer,IA,017,19
Buchanan,IA,019,19
Buena Vista,IA,021,19
Butler,IA,023,19
Calhoun,IA,025,19
Carroll,IA,027,19
Cass,IA,029,19
Cedar,IA,031,19
Cerro Gordo,IA,033,19
Cherokee,IA,035,19
Chickasaw,IA,037,19
Clarke,IA,039,19
Clay,IA,041,19
Clayton,IA,043,19
Clinton,IA,045,19
Crawford,IA,047,19
Dallas,IA,049,19
Davis,IA,051,19
Decatur,IA,053,19
Delaware,IA,055,19
Des Moines,IA,057,19
Dickinson,IA,059,19
Dubuque,IA,061,19
Emmet,IA,063,19
Fayette,IA,065,19
Floyd,IA,067,19
Franklin,IA,069,19
Fremont,IA,071,19
Greene,IA,073,19
Grundy,IA,075,19
Guthrie,IA,077,19
Hamilton,IA,079,19
Hancock,IA,081,19
Hardin,IA,083,19
Harrison,IA,085,19
Henry,IA,087,19
Howard,IA,089,19
Humboldt,IA,091,19
Ida,IA,093,19
Iowa,IA,095,19
Jackson,IA,097,19
Jasper,IA,099,19
Jefferson,IA,101,19
Johnson,IA,103,19
Jones,IA,105,19
Keokuk,IA,107,19
Kossuth,IA,109,19
Lee,IA,111,19
Linn,IA,113,19
Louisa,IA,115,19
Lucas,IA,117,19
Lyon,IA,119,19
Madison,IA,121,19
Mahaska,IA,123,19
Marion,IA,125,19
Marshall,IA,127,19
Mills,IA,129,19
Mitchell,IA,131,19
Monona,IA,133,19
Monroe,IA,135,19
Montgomery,IA,137,19
Muscatine,IA,139,19
O'Brien,IA,141,19
Osceola,IA,143,19
Page,IA,145,19
Palo Alto,IA,147,19
Plymouth,IA,149,19
Pocahontas,IA,151,19
Polk,IA,153,19
Pottawattamie,IA,155,19
Poweshiek,IA,157,19
Ringgold,IA,159,19
Sac,IA,161,19
Scott,IA,163,19
Shelby,IA,165,19
Sioux,IA,167,19
Story,IA,169,19
Tama,IA,171,19
Taylor,IA,173,19
Union,IA,175,19
Van Buren,IA,177,19
Wapello,IA,179,19
Warren,IA,181,19
Washington,IA,183,19
Wayne,IA,185,19
Webster,IA,187,19
Winnebago,IA,189,19
Winneshiek,IA,191,19
Woodbury,IA,193,19
Worth,IA,195,19
Wright,IA,197,19
Ada,ID,001,16
Adams,ID,003,16
Bannock,ID,005,16
Bear Lake,ID,007,16
Benewah,ID,009,16
Bingham,ID,011,16
Blaine,ID,013,16
Boise,ID,015,16
Bonner,ID,017,16
Bonneville,ID,019,16
Boundary,ID,021,16
Butte,ID,023,16
Camas,ID,025,16
Canyon,ID,027,16
Caribou,ID,029,16
Cassia,ID,031,16
Clark,ID,033,16
Clearwater,ID,035,16
Custer,ID,037,16
Elmore,ID,039,16
Franklin,ID,041,16
Fremont,ID,043,16
Gem,ID,045,16
Gooding,ID,047,16
Idaho,ID,049,16
Jefferson,ID,051,16
Jerome,ID,053,16
Kootenai,ID,055,16
Latah,ID,057,16
Lemhi,ID,059,16
Lewis,ID,061,16
Lincoln,ID,063,16
Madison,ID,065,16
Minidoka,ID,067,16
Nez Perce,ID,069,16
Oneida,ID,071,16
Owyhee,ID,073,16
Payette,ID,075,16
Power,ID,077,16
Shoshone,ID,079,16
Teton,ID,081,16
Twin Falls,ID,083,16
Valley,ID,085,16
Washington,ID,087,16
Adams,IL,001,17
Alexander,IL,003,17
Bond,IL,005,17
Boone,IL,007,17
Brown,IL,009,17
Bureau,IL,011,17
Calhoun,IL,013,17
Carroll,IL,015,17
Cass,IL,017,17
Champaign,IL,019,17
Christian,IL,021,17
Clark,IL,023,17
Clay,IL,025,17
Clinton,IL,027,17
Coles,IL,029,17
Cook,IL,031,17
Crawford,IL,033,17
Cumberland,IL,035,17
DeKalb,IL,037,17
De Witt,IL,039,17
Douglas,IL,041,17
DuPage,IL,043,17
Edgar,IL,045,17
Edwards,IL,047,17
Effingham,IL,049,17
Fayette,IL,051,17
Ford,IL,053,17
Franklin,IL,055,17
Fulton,IL,057,17
Gallatin,IL,059,17
Greene,IL,061,17
Grundy,IL,063,17
Hamilton,IL,065,17
Hancock,IL,067,17
Hardin,IL,069,17
Henderson,IL,071,17
Henry,IL,073,17
Iroquois,IL,075,17
Jackson,IL,077,17
Jasper,IL,079,17
Jefferson,IL,081,17
Jersey,IL,083,17
Jo Daviess,IL,085,17
Johnson,IL,087,17
Kane,IL,089,17
Kankakee,IL,091,17
Kendall,IL,093,17
Knox,IL,095,17
Lake,IL,097,17
La Salle,IL,099,17
Lawrence,IL,101,17
Lee,IL,103,17
Livingston,IL,105,17
Logan,IL,107,17
McDonough,IL,109,17
McHenry,IL,111,17
McLean,IL,113,17
Macon,IL,115,17
Macoupin,IL,117,17
Madison,IL,119,17
Marion,IL,121,17
Marshall,IL,123,17
Mason,IL,125,17
Massac,IL,127,17
Menard,IL,129,17
Mercer,IL,131,17
Monroe,IL,133,17
Montgomery,IL,135,17
Morgan,IL,137,17
Moultrie,IL,139,17
Ogle,IL,141,17
Peoria,IL,143,17
Perry,IL,145,17
Piatt,IL,147,17
Pike,IL,149,17
Pope,IL,151,17
Pulaski,IL,153,17
Putnam,IL,155,17
Randolph,IL,157,17
Richland,IL,159,17
Rock Island,IL,161,17
St. Clair,IL,163,17
Saline,IL,165,17
Sangamon,IL,167,17
Schuyler,IL,169,17
Scott,IL,171,17
Shelby,IL,173,17
Stark,IL,175,17
Stephenson,IL,177,17
Tazewell,IL,179,17
Union,IL,181,17
Vermilion,IL,183,17
Wabash,IL,185,17
Warren,IL,187,17
Washington,IL,189,17
Wayne,IL,191,17
White,IL,193,17
Whiteside,IL,195,17
Will,IL,197,17
Williamson,IL,199,17
Winnebago,IL,201,17
Woodford,IL,203,17
Adams,IN,001,18
Allen,IN,003,18
Bartholomew,IN,005,18
Benton,IN,007,18
Blackford,IN,009,18
Boone,IN,011,18
Brown,IN,013,18
Carroll,IN,015,18
Cass,IN,017,18
Clark,IN,019,18
Clay,IN,021,18
Clinton,IN,023,18
Crawford,IN,025,18
Daviess,IN,027,18
Dearborn,IN,029,18
Decatur,IN,031,18
De Kalb,IN,033,18
Delaware,IN,035,18
Dubois,IN,037,18
Elkhart,IN,039,18
Fayette,IN,041,18
Floyd,IN,043,18
Fountain,IN,045,18
Franklin,IN,047,18
Fulton,IN,049,18
Gibson,IN,051,18
Grant,IN,053,18
Greene,IN,055,18
Hamilton,IN,057,18
Hancock,IN,059,18
Harrison,IN,061,18
Hendricks,IN,063,18
Henry,IN,065,18
Howard,IN,067,18
Huntington,IN,069,18
Jackson,IN,071,18
Jasper,IN,073,18
Jay,IN,075,18
Jefferson,IN,077,18
Jennings,IN,079,18
Johnson,IN,081,18
Knox,IN,083,18
Kosciusko,IN,085,18
Lagrange,IN,087,18
Lake,IN,089,18
La Porte,IN,091,18
Lawrence,IN,093,18
Madison,IN,095,18
Marion,IN,097,18
Marshall,IN,099,18
Martin,IN,101,18
Miami,IN,103,18
Monroe,IN,105,18
Montgomery,IN,107,18
Morgan,IN,109,18
Newton,IN,111,18
Noble,IN,113,18
Ohio,IN,115,18
Orange,IN,117,18
Owen,IN,119,18
Parke,IN,121,18
Perry,IN,123,18
Pike,IN,125,18
Porter,IN,127,18
Posey,IN,129,18
Pulaski,IN,131,18
Putnam,IN,133,18
Randolph,IN,135,18
Ripley,IN,137,18
Rush,IN,139,18
St. Joseph,IN,141,18
Scott,IN,143,18
Shelby,IN,145,18
Spencer,IN,147,18
Starke,IN,149,18
Steuben,IN,151,18
Sullivan,IN,153,18
Switzerland,IN,155,18
Tippecanoe,IN,157,18
Tipton,IN,159,18
Union,IN,161,18
Vanderburgh,IN,163,18
Vermillion,IN,165,18
Vigo,IN,167,18
Wabash,IN,169,18
Warren,IN,171,18
Warrick,IN,173,18
Washington,IN,175,18
Wayne,IN,177,18
Wells,IN,179,18
White,IN,181,18
Whitley,IN,183,18
Allen,KS,001,20
Anderson,KS,003,20
Atchison,KS,005,20
Barber,KS,007,20
Barton,KS,009,20
Bourbon,KS,011,20
Brown,KS,013,20
Butler,KS,015,20
Chase,KS,017,20
Chautauqua,KS,019,20
Cherokee,KS,021,20
Cheyenne,KS,023,20
Clark,KS,025,20
Clay,KS,027,20
Cloud,KS,029,20
Coffey,KS,031,20
Comanche,KS,033,20
Cowley,KS,035,20
Crawford,KS,037,20
Decatur,KS,039,20
Dickinson,KS,041,20
Doniphan,KS,043,20
Douglas,KS,045,20
Edwards,KS,047,20
Elk,KS,049,20
Ellis,KS,051,20
Ellsworth,KS,053,20
Finney,KS,055,20
Ford,KS,057,20
Franklin,KS,059,20
Geary,KS,061,20
Gove,KS,063,20
Graham,KS,065,20
Grant,KS,067,20
Gray,KS,069,20
Greeley,KS,071,20
Greenwood,KS,073,20
Hamilton,KS,075,20
Harper,KS,077,20
Harvey,KS,079,20
Haskell,KS,081,20
Hodgeman,KS,083,20
Jackson,KS,085,20
Jefferson,KS,087,20
Jewell,KS,089,20
Johnson,KS,091,20
Kearny,KS,093,20
Kingman,KS,095,20
Kiowa,KS,097,20
Labette,KS,099,20
Lane,KS,101,20
Leavenworth,KS,103,20
Lincoln,KS,105,20
Linn,KS,107,20
Logan,KS,109,20
Lyon,KS,111,20
McPherson,KS,113,20
Marion,KS,115,20
Marshall,KS,117,20
Meade,KS,119,20
Miami,KS,121,20
Mitchell,KS,123,20
Montgomery,KS,125,20
Morris,KS,127,20
Morton,KS,129,20
Nemaha,KS,131,20
Neosho,KS,133,20
Ness,KS,135,20
Norton,KS,137,20
Osage,KS,139,20
Osborne,KS,141,20
Ottawa,KS,143,20
Pawnee,KS,145,20
Phillips,KS,147,20
Pottawatomie,KS,149,20
Pratt,KS,151,20
Rawlins,KS,153,20
Reno,KS,155,20
Republic,KS,157,20
Rice,KS,159,20
Riley,KS,161,20
Rooks,KS,163,20
Rush,KS,165,20
Russell,KS,167,20
Saline,KS,169,20
Scott,KS,171,20
Sedgwick,KS,173,20
Seward,KS,175,20
Shawnee,KS,177,20
Sheridan,KS,179,20
Sherman,KS,181,20
Smith,KS,183,20
Stafford,KS,185,20
Stanton,KS,187,20
Stevens,KS,189,20
Sumner,KS,191,20
Thomas,KS,193,20
Trego,KS,195,20
Wabaunsee,KS,197,20
Wallace,KS,199,20
Washington,KS,201,20
Wichita,KS,203,20
Wilson,KS,205,20
Woodson,KS,207,20
Wyandotte,KS,209,20
Adair,KY,001,21
Allen,KY,003,21
Anderson,KY,005,21
Ballard,KY,007,21
Barren,KY,009,21
Bath,KY,011,21
Bell,KY,013,21
Boone,KY,015,21
Bourbon,KY,017,21
Boyd,KY,019,21
Boyle,KY,021,21
Bracken,KY,023,21
Breathitt,KY,025,21
Breckinridge,KY,027,21
Bullitt,KY,029,21
Butler,KY,031,21
Caldwell,KY,033,21
Calloway,KY,035,21
Campbell,KY,037,21
Carlisle,KY,039,21
Carroll,KY,041,21
Carter,KY,043,21
Casey,KY,045,21
Christian,KY,047,21
Clark,KY,049,21
Clay,KY,051,21
Clinton,KY,053,21
Crittenden,KY,055,21
Cumberland,KY,057,21
Daviess,KY,059,21
Edmonson,KY,061,21
Elliott,KY,063,21
Estill,KY,065,21
Fayette,KY,067,21
Fleming,KY,069,21
Floyd,KY,071,21
Franklin,KY,073,21
Fulton,KY,075,21
Gallatin,KY,077,21
Garrard,KY,079,21
Grant,KY,081,21
Graves,KY,083,21
Grayson,KY,085,21
Green,KY,087,21
Greenup,KY,089,21
Hancock,KY,091,21
Hardin,KY,093,21
Harlan,KY,095,21
Harrison,KY,097,21
Hart,KY,099,21
Henderson,KY,101,21
Henry,KY,103,21
Hickman,KY,105,21
Hopkins,KY,107,21
Jackson,KY,109,21
Jefferson,KY,111,21
Jessamine,KY,113,21
Johnson,KY,115,21
Kenton,KY,117,21
Knott,KY,119,21
Knox,KY,121,21
Larue,KY,123,21
Laurel,KY,125,21
Lawrence,KY,127,21
Lee,KY,129,21
Leslie,KY,131,21
Letcher,KY,133,21
Lewis,KY,135,21
Lincoln,KY,137,21
Livingston,KY,139,21
Logan,KY,141,21
Lyon,KY,143,21
McCracken,KY,145,21
McCreary,KY,147,21
McLean,KY,149,21
Madison,KY,151,21
Magoffin,KY,153,21
Marion,KY,155,21
Marshall,KY,157,21
Martin,KY,159,21
Mason,KY,161,21
Meade,KY,163,21
Menifee,KY,165,21
Mercer,KY,167,21
Metcalfe,KY,169,21
Monroe,KY,171,21
Montgomery,KY,173,21
Morgan,KY,175,21
Muhlenberg,KY,177,21
Nelson,KY,179,21
Nicholas,KY,181,21
Ohio,KY,183,21
Oldham,KY,185,21
Owen,KY,187,21
Owsley,KY,189,21
Pendleton,KY,191,21
Perry,KY,193,21
Pike,KY,195,21
Powell,KY,197,21
Pulaski,KY,199,21
Robertson,KY,201,21
Rockcastle,KY,203,21
Rowan,KY,205,21
Russell,KY,207,21
Scott,KY,209,21
Shelby,KY,211,21
Simpson,KY,213,21
Spencer,KY,215,21
Taylor,KY,217,21
Todd,KY,219,21
Trigg,KY,221,21
Trimble,KY,223,21
Union,KY,225,21
Warren,KY,227,21
Washington,KY,229,21
Wayne,KY,231,21
Webster,KY,233,21
Whitley,KY,235,21
Wolfe,KY,237,21
Woodford,KY,239,21
Acadia,LA,001,22
Allen,LA,003,22
Ascension,LA,005,22
Assumption,LA,007,22
Avoyelles,LA,009,22
Beauregard,LA,011,22
Bienville,LA,013,22
Bossier,LA,015,22
Caddo,LA,017,22
Calcasieu,LA,019,22
Caldwell,LA,021,22
Cameron,LA,023,22
Catahoula,LA,025,22
Claiborne,LA,027,22
Concordia,LA,029,22
De Soto,LA,031,22
East Baton Rouge,LA,033,22
East Carroll,LA,035,22
East Feliciana,LA,037,22
Evangeline,LA,039,22
Franklin,LA,041,22
Grant,LA,043,22
Iberia,LA,045,22
Iberville,LA,047,22
Jackson,LA,049,22
Jefferson,LA,051,22
Jefferson Davis,LA,053,22
Lafayette,LA,055,22
Lafourche,LA,057,22
La Salle,LA,059,22
Lincoln,LA,061,22
Livingston,LA,063,22
Madison,LA,065,22
Morehouse,LA,067,22
Natchitoches,LA,069,22
Orleans,LA,071,22
Ouachita,LA,073,22
Plaquemines,LA,075,22
Pointe Coupee,LA,077,22
Rapides,LA,079,22
Red River,LA,081,22
Richland,LA,083,22
Sabine,LA,085,22
St. Bernard,LA,087,22
St. Charles,LA,089,22
St. Helena,LA,091,22
St. James,LA,093,22
St. John the Baptist,LA,095,22
St. Landry,LA,097,22
St. Martin,LA,099,22
St. Mary,LA,101,22
St. Tammany,LA,103,22
Tangipahoa,LA,105,22
Tensas,LA,107,22
Terrebonne,LA,109,22
Union,LA,111,22
Vermilion,LA,113,22
Vernon,LA,115,22
Washington,LA,117,22
Webster,LA,119,22
West Baton Rouge,LA,121,22
West Carroll,LA,123,22
West Feliciana,LA,125,22
Winn,LA,127,22
Barnstable,MA,001,25
Berkshire,MA,003,25
Bristol,MA,005,25
Dukes,MA,007,25
Essex,MA,009,25
Franklin,MA,011,25
Hampden,MA,013,25
Hampshire,MA,015,25
Middlesex,MA,017,25
Nantucket,MA,019,25
Norfolk,MA,021,25
Plymouth,MA,023,25
Suffolk,MA,025,25
Worcester,MA,027,25
Allegany,MD,001,24
Anne Arundel,MD,003,24
Baltimore,MD,005,24
Calvert,MD,009,24
Caroline,MD,011,24
Carroll,MD,013,24
Cecil,MD,015,24
Charles,MD,017,24
Dorchester,MD,019,24
Frederick,MD,021,24
Garrett,MD,023,24
Harford,MD,025,24
Howard,MD,027,24
Kent,MD,029,24
Montgomery,MD,031,24
Prince George's,MD,033,24
Queen Anne's,MD,035,24
St. Mary's,MD,037,24
Somerset,MD,039,24
Talbot,MD,041,24
Washington,MD,043,24
Wicomico,MD,045,24
Worcester,MD,047,24
Baltimore city,MD,510,24
Androscoggin,ME,001,23
Aroostook,ME,003,23
Cumberland,ME,005,23
Franklin,ME,007,23
Hancock,ME,009,23
Kennebec,ME,011,23
Knox,ME,013,23
Lincoln,ME,015,23
Oxford,ME,017,23
Penobscot,ME,019,23
Piscataquis,ME,021,23
Sagadahoc,ME,023,23
Somerset,ME,025,23
Waldo,ME,027,23
Washington,ME,029,23
York,ME,031,23
Alcona,MI,001,26
Alger,MI,003,26
Allegan,MI,005,26
Alpena,MI,007,26
Antrim,MI,009,26
Arenac,MI,011,26
Baraga,MI,013,26
Barry,MI,015,26
Bay,MI,017,26
Benzie,MI,019,26
Berrien,MI,021,26
Branch,MI,023,26
Calhoun,MI,025,26
Cass,MI,027,26
Charlevoix,MI,029,26
Cheboygan,MI,031,26
Chippewa,MI,033,26
Clare,MI,035,26
Clinton,MI,037,26
Crawford,MI,039,26
Delta,MI,041,26
Dickinson,MI,043,26
Eaton,MI,045,26
Emmet,MI,047,26
Genesee,MI,049,26
Gladwin,MI,051,26
Gogebic,MI,053,26
Grand Traverse,MI,055,26
Gratiot,MI,057,26
Hillsdale,MI,059,26
Houghton,MI,061,26
Huron,MI,063,26
Ingham,MI,065,26
Ionia,MI,067,26
Iosco,MI,069,26
Iron,MI,071,26
Isabella,MI,073,26
Jackson,MI,075,26
Kalamazoo,MI,077,26
Kalkaska,MI,079,26
Kent,MI,081,26
Keweenaw,MI,083,26
Lake,MI,085,26
Lapeer,MI,087,26
Leelanau,MI,089,26
Lenawee,MI,091,26
Livingston,MI,093,26
Luce,MI,095,26
Mackinac,MI,097,26
Macomb,MI,099,26
Manistee,MI,101,26
Marquette,MI,103,26
Mason,MI,105,26
Mecosta,MI,107,26
Menominee,MI,109,26
Midland,MI,111,26
Missaukee,MI,113,26
Monroe,MI,115,26
Montcalm,MI,117,26
Montmorency,MI,119,26
Muskegon,MI,121,26
Newaygo,MI,123,26
Oakland,MI,125,26
Oceana,MI,127,26
Ogemaw,MI,129,26
Ontonagon,MI,131,26
Osceola,MI,133,26
Oscoda,MI,135,26
Otsego,MI,137,26
Ottawa,MI,139,26
Presque Isle,MI,141,26
Roscommon,MI,143,26
Saginaw,MI,145,26
St. Clair,MI,147,26
St. Joseph,MI,149,26
Sanilac,MI,151,26
Schoolcraft,MI,153,26
Shiawassee,MI,155,26
Tuscola,MI,157,26
Van Buren,MI,159,26
Washtenaw,MI,161,26
Wayne,MI,163,26
Wexford,MI,165,26
Aitkin,MN,001,27
Anoka,MN,003,27
Becker,MN,005,27
Beltrami,MN,007,27
Benton,MN,009,27
Big Stone,MN,011,27
Blue Earth,MN,013,27
Brown,MN,015,27
Carlton,MN,017,27
Carver,MN,019,27
Cass,MN,021,27
Chippewa,MN,023,27
Chisago,MN,025,27
Clay,MN,027,27
Clearwater,MN,029,27
Cook,MN,031,27
Cottonwood,MN,033,27
Crow Wing,MN,035,27
Dakota,MN,037,27
Dodge,MN,039,27
Douglas,MN,041,27
Faribault,MN,043,27
Fillmore,MN,045,27
Freeborn,MN,047,27
Goodhue,MN,049,27
Grant,MN,051,27
Hennepin,MN,053,27
Houston,MN,055,27
Hubbard,MN,057,27
Isanti,MN,059,27
Itasca,MN,061,27
Jackson,MN,063,27
Kanabec,MN,065,27
Kandiyohi,MN,067,27
Kittson,MN,069,27
Koochiching,MN,071,27
Lac qui Parle,MN,073,27
Lake,MN,075,27
Lake of the Woods,MN,077,27
Le Sueur,MN,079,27
Lincoln,MN,081,27
Lyon,MN,083,27
McLeod,MN,085,27
Mahnomen,MN,087,27
Marshall,MN,089,27
Martin,MN,091,27
Meeker,MN,093,27
Mille Lacs,MN,095,27
Morrison,MN,097,27
Mower,MN,099,27
Murray,MN,101,27
Nicollet,MN,103,27
Nobles,MN,105,27
Norman,MN,107,27
Olmsted,MN,109,27
Otter Tail,MN,111,27
Pennington,MN,113,27
Pine,MN,115,27
Pipestone,MN,117,27
Polk,MN,119,27
Pope,MN,121,27
Ramsey,MN,123,27
Red Lake,MN,125,27
Redwood,MN,127,27
Renville,MN,129,27
Rice,MN,131,27
Rock,MN,133,27
Roseau,MN,135,27
St. Louis,MN,137,27
Scott,MN,139,27
Sherburne,MN,141,27
Sibley,MN,143,27
Stearns,MN,145,27
Steele,MN,147,27
Stevens,MN,149,27
Swift,MN,151,27
Todd,MN,153,27
Traverse,MN,155,27
Wabasha,MN,157,27
Wadena,MN,159,27
Waseca,MN,161,27
Washington,MN,163,27
Watonwan,MN,165,27
Wilkin,MN,167,27
Winona,MN,169,27
Wright,MN,171,27
Yellow Medicine,MN,173,27
Adair,MO,001,29
Andrew,MO,003,29
Atchison,MO,005,29
Audrain,MO,007,29
Barry,MO,009,29
Barton,MO,011,29
Bates,MO,013,29
Benton,MO,015,29
Bollinger,MO,017,29
Boone,MO,019,29
Buchanan,MO,021,29
Butler,MO,023,29
Caldwell,MO,025,29
Callaway,MO,027,29
Camden,MO,029,29
Cape Girardeau,MO,031,29
Carroll,MO,033,29
Carter,MO,035,29
Cass,MO,037,29
Cedar,MO,039,29
Chariton,MO,041,29
Christian,MO,043,29
Clark,MO,045,29
Clay,MO,047,29
Clinton,MO,049,29
Cole,MO,051,29
Cooper,MO,053,29
Crawford,MO,055,29
Dade,MO,057,29
Dallas,MO,059,29
Daviess,MO,061,29
De Kalb,MO,063,29
Dent,MO,065,29
Douglas,MO,067,29
Dunklin,MO,069,29
Franklin,MO,071,29
Gasconade,MO,073,29
Gentry,MO,075,29
Greene,MO,077,29
Grundy,MO,079,29
Harrison,MO,081,29
Henry,MO,083,29
Hickory,MO,085,29
Holt,MO,087,29
Howard,MO,089,29
Howell,MO,091,29
Iron,MO,093,29
Jackson,MO,095,29
Jasper,MO,097,29
Jefferson,MO,099,29
Johnson,MO,101,29
Knox,MO,103,29
Laclede,MO,105,29
Lafayette,MO,107,29
Lawrence,MO,109,29
Lewis,MO,111,29
Lincoln,MO,113,29
Linn,MO,115,29
Livingston,MO,117,29
McDonald,MO,119,29
Macon,MO,121,29
Madison,MO,123,29
Maries,MO,125,29
Marion,MO,127,29
Mercer,MO,129,29
Miller,MO,131,29
Mississippi,MO,133,29
Moniteau,MO,135,29
Monroe,MO,137,29
Montgomery,MO,139,29
Morgan,MO,141,29
New Madrid,MO,143,29
Newton,MO,145,29
Nodaway,MO,147,29
Oregon,MO,149,29
Osage,MO,151,29
Ozark,MO,153,29
Pemiscot,MO,155,29
Perry,MO,157,29
Pettis,MO,159,29
Phelps,MO,161,29
Pike,MO,163,29
Platte,MO,165,29
Polk,MO,167,29
Pulaski,MO,169,29
Putnam,MO,171,29
Ralls,MO,173,29
Randolph,MO,175,29
Ray,MO,177,29
Reynolds,MO,179,29
Ripley,MO,181,29
St. Charles,MO,183,29
St. Clair,MO,185,29
Ste. Genevieve,MO,186,29
St. Francois,MO,187,29
St. Louis,MO,189,29
Saline,MO,195,29
Schuyler,MO,197,29
Scotland,MO,199,29
Scott,MO,201,29
Shannon,MO,203,29
Shelby,MO,205,29
Stoddard,MO,207,29
Stone,MO,209,29
Sullivan,MO,211,29
Taney,MO,213,29
Texas,MO,215,29
Vernon,MO,217,29
Warren,MO,219,29
Washington,MO,221,29
Wayne,MO,223,29
Webster,MO,225,29
Worth,MO,227,29
Wright,MO,229,29
St. Louis city,MO,510,29
Adams,MS,001,28
Alcorn,MS,003,28
Amite,MS,005,28
Attala,MS,007,28
Benton,MS,009,28
Bolivar,MS,011,28
Calhoun,MS,013,28
Carroll,MS,015,28
Chickasaw,MS,017,28
Choctaw,MS,019,28
Claiborne,MS,021,28
Clarke,MS,023,28
Clay,MS,025,28
Coahoma,MS,027,28
Copiah,MS,029,28
Covington,MS,031,28
DeSoto,MS,033,28
Forrest,MS,035,28
Franklin,MS,037,28
George,MS,039,28
Greene,MS,041,28
Grenada,MS,043,28
Hancock,MS,045,28
Harrison,MS,047,28
Hinds,MS,049,28
Holmes,MS,051,28
Humphreys,MS,053,28
Issaquena,MS,055,28
Itawamba,MS,057,28
Jackson,MS,059,28
Jasper,MS,061,28
Jefferson,MS,063,28
Jefferson Davis,MS,065,28
Jones,MS,067,28
Kemper,MS,069,28
Lafayette,MS,071,28
Lamar,MS,073,28
Lauderdale,MS,075,28
Lawrence,MS,077,28
Leake,MS,079,28
Lee,MS,081,28
Leflore,MS,083,28
Lincoln,MS,085,28
Lowndes,MS,087,28
Madison,MS,089,28
Marion,MS,091,28
Marshall,MS,093,28
Monroe,MS,095,28
Montgomery,MS,097,28
Neshoba,MS,099,28
Newton,MS,101,28
Noxubee,MS,103,28
Oktibbeha,MS,105,28
Panola,MS,107,28
Pearl River,MS,109,28
Perry,MS,111,28
Pike,MS,113,28
Pontotoc,MS,115,28
Prentiss,MS,117,28
Quitman,MS,119,28
Rankin,MS,121,28
Scott,MS,123,28
Sharkey,MS,125,28
Simpson,MS,127,28
Smith,MS,129,28
Stone,MS,131,28
Sunflower,MS,133,28
Tallahatchie,MS,135,28
Tate,MS,137,28
Tippah,MS,139,28
Tishomingo,MS,141,28
Tunica,MS,143,28
Union,MS,145,28
Walthall,MS,147,28
Warren,MS,149,28
Washington,MS,151,28
Wayne,MS,153,28
Webster,MS,155,28
Wilkinson,MS,157,28
Winston,MS,159,28
Yalobusha,MS,161,28
Yazoo,MS,163,28
Beaverhead,MT,001,30
Big Horn,MT,003,30
Blaine,MT,005,30
Broadwater,MT,007,30
Carbon,MT,009,30
Carter,MT,011,30
Cascade,MT,013,30
Chouteau,MT,015,30
Custer,MT,017,30
Daniels,MT,019,30
Dawson,MT,021,30
Deer Lodge,MT,023,30
Fallon,MT,025,30
Fergus,MT,027,30
Flathead,MT,029,30
Gallatin,MT,031,30
Garfield,MT,033,30
Glacier,MT,035,30
Golden Valley,MT,037,30
Granite,MT,039,30
Hill,MT,041,30
Jefferson,MT,043,30
Judith Basin,MT,045,30
Lake,MT,047,30
Lewis and Clark,MT,049,30
Liberty,MT,051,30
Lincoln,MT,053,30
McCone,MT,055,30
Madison,MT,057,30
Meagher,MT,059,30
Mineral,MT,061,30
Missoula,MT,063,30
Musselshell,MT,065,30
Park,MT,067,30
Petroleum,MT,069,30
Phillips,MT,071,30
Pondera,MT,073,30
Powder River,MT,075,30
Powell,MT,077,30
Prairie,MT,079,30
Ravalli,MT,081,30
Richland,MT,083,30
Roosevelt,MT,085,30
Rosebud,MT,087,30
Sanders,MT,089,30
Sheridan,MT,091,30
Silver Bow,MT,093,30
Stillwater,MT,095,30
Sweet Grass,MT,097,30
Teton,MT,099,30
Toole,MT,101,30
Treasure,MT,103,30
Valley,MT,105,30
Wheatland,MT,107,30
Wibaux,MT,109,30
Yellowstone,MT,111,30
Yellowstone National Park,MT,113,30
Alamance,NC,001,37
Alexander,NC,003,37
Alleghany,NC,005,37
Anson,NC,007,37
Ashe,NC,009,37
Avery,NC,011,37
Beaufort,NC,013,37
Bertie,NC,015,37
Bladen,NC,017,37
Brunswick,NC,019,37
Buncombe,NC,021,37
Burke,NC,023,37
Cabarrus,NC,025,37
Caldwell,NC,027,37
Camden,NC,029,37
Carteret,NC,031,37
Caswell,NC,033,37
Catawba,NC,035,37
Chatham,NC,037,37
Cherokee,NC,039,37
Chowan,NC,041,37
Clay,NC,043,37
Cleveland,NC,045,37
Columbus,NC,047,37
Craven,NC,049,37
Cumberland,NC,051,37
Currituck,NC,053,37
Dare,NC,055,37
Davidson,NC,057,37
Davie,NC,059,37
Duplin,NC,061,37
Durham,NC,063,37
Edgecombe,NC,065,37
Forsyth,NC,067,37
Franklin,NC,069,37
Gaston,NC,071,37
Gates,NC,073,37
Graham,NC,075,37
Granville,NC,077,37
Greene,NC,079,37
Guilford,NC,081,37
Halifax,NC,083,37
Harnett,NC,085,37
Haywood,NC,087,37
Henderson,NC,089,37
Hertford,NC,091,37
Hoke,NC,093,37
Hyde,NC,095,37
Iredell,NC,097,37
Jackson,NC,099,37
Johnston,NC,101,37
Jones,NC,103,37
Lee,NC,105,37
Lenoir,NC,107,37
Lincoln,NC,109,37
McDowell,NC,111,37
Macon,NC,113,37
Madison,NC,115,37
Martin,NC,117,37
Mecklenburg,NC,119,37
Mitchell,NC,121,37
Montgomery,NC,123,37
Moore,NC,125,37
Nash,NC,127,37
New Hanover,NC,129,37
Northampton,NC,131,37
Onslow,NC,133,37
Orange,NC,135,37
Pamlico,NC,137,37
Pasquotank,NC,139,37
Pender,NC,141,37
Perquimans,NC,143,37
Person,NC,145,37
Pitt,NC,147,37
Polk,NC,149,37
Randolph,NC,151,37
Richmond,NC,153,37
Robeson,NC,155,37
Rockingham,NC,157,37
Rowan,NC,159,37
Rutherford,NC,161,37
Sampson,NC,163,37
Scotland,NC,165,37
Stanly,NC,167,37
Stokes,NC,169,37
Surry,NC,171,37
Swain,NC,173,37
Transylvania,NC,175,37
Tyrrell,NC,177,37
Union,NC,179,37
Vance,NC,181,37
Wake,NC,183,37
Warren,NC,185,37
Washington,NC,187,37
Watauga,NC,189,37
Wayne,NC,191,37
Wilkes,NC,193,37
Wilson,NC,195,37
Yadkin,NC,197,37
Yancey,NC,199,37
Adams,ND,001,38
Barnes,ND,003,38
Benson,ND,005,38
Billings,ND,007,38
Bottineau,ND,009,38
Bowman,ND,011,38
Burke,ND,013,38
Burleigh,ND,015,38
Cass,ND,017,38
Cavalier,ND,019,38
Dickey,ND,021,38
Divide,ND,023,38
Dunn,ND,025,38
Eddy,ND,027,38
Emmons,ND,029,38
Foster,ND,031,38
Golden Valley,ND,033,38
Grand Forks,ND,035,38
Grant,ND,037,38
Griggs,ND,039,38
Hettinger,ND,041,38
Kidder,ND,043,38
La Moure,ND,045,38
Logan,ND,047,38
McHenry,ND,049,38
McIntosh,ND,051,38
McKenzie,ND,053,38
McLean,ND,055,38
Mercer,ND,057,38
Morton,ND,059,38
Mountrail,ND,061,38
Nelson,ND,063,38
Oliver,ND,065,38
Pembina,ND,067,38
Pierce,ND,069,38
Ramsey,ND,071,38
Ransom,ND,073,38
Renville,ND,075,38
Richland,ND,077,38
Rolette,ND,079,38
Sargent,ND,081,38
Sheridan,ND,083,38
Sioux,ND,085,38
Slope,ND,087,38
Stark,ND,089,38
Steele,ND,091,38
Stutsman,ND,093,38
Towner,ND,095,38
Traill,ND,097,38
Walsh,ND,099,38
Ward,ND,101,38
Wells,ND,103,38
Williams,ND,105,38
Adams,NE,001,31
Antelope,NE,003,31
Arthur,NE,005,31
Banner,NE,007,31
Blaine,NE,009,31
Boone,NE,011,31
Box Butte,NE,013,31
Boyd,NE,015,31
Brown,NE,017,31
Buffalo,NE,019,31
Burt,NE,021,31
Butler,NE,023,31
Cass,NE,025,31
Cedar,NE,027,31
Chase,NE,029,31
Cherry,NE,031,31
Cheyenne,NE,033,31
Clay,NE,035,31
Colfax,NE,037,31
Cuming,NE,039,31
Custer,NE,041,31
Dakota,NE,043,31
Dawes,NE,045,31
Dawson,NE,047,31
Deuel,NE,049,31
Dixon,NE,051,31
Dodge,NE,053,31
Douglas,NE,055,31
Dundy,NE,057,31
Fillmore,NE,059,31
Franklin,NE,061,31
Frontier,NE,063,31
Furnas,NE,065,31
Gage,NE,067,31
Garden,NE,069,31
Garfield,NE,071,31
Gosper,NE,073,31
Grant,NE,075,31
Greeley,NE,077,31
Hall,NE,079,31
Hamilton,NE,081,31
Harlan,NE,083,31
Hayes,NE,085,31
Hitchcock,NE,087,31
Holt,NE,089,31
Hooker,NE,091,31
Howard,NE,093,31
Jefferson,NE,095,31
Johnson,NE,097,31
Kearney,NE,099,31
Keith,NE,101,31
Keya Paha,NE,103,31
Kimball,NE,105,31
Knox,NE,107,31
Lancaster,NE,109,31
Lincoln,NE,111,31
Logan,NE,113,31
Loup,NE,115,31
McPherson,NE,117,31
Madison,NE,119,31
Merrick,NE,121,31
Morrill,NE,123,31
Nance,NE,125,31
Nemaha,NE,127,31
Nuckolls,NE,129,31
Otoe,NE,131,31
Pawnee,NE,133,31
Perkins,NE,135,31
Phelps,NE,137,31
Pierce,NE,139,31
Platte,NE,141,31
Polk,NE,143,31
Red Willow,NE,145,31
Richardson,NE,147,31
Rock,NE,149,31
Saline,NE,151,31
Sarpy,NE,153,31
Saunders,NE,155,31
Scotts Bluff,NE,157,31
Seward,NE,159,31
Sheridan,NE,161,31
Sherman,NE,163,31
Sioux,NE,165,31
Stanton,NE,167,31
Thayer,NE,169,31
Thomas,NE,171,31
Thurston,NE,173,31
Valley,NE,175,31
Washington,NE,177,31
Wayne,NE,179,31
Webster,NE,181,31
Wheeler,NE,183,31
York,NE,185,31
Belknap,NH,001,33
Carroll,NH,003,33
Cheshire,NH,005,33
Coos,NH,007,33
Grafton,NH,009,33
Hillsborough,NH,011,33
Merrimack,NH,013,33
Rockingham,NH,015,33
Strafford,NH,017,33
Sullivan,NH,019,33
Atlantic,NJ,001,34
Bergen,NJ,003,34
Burlington,NJ,005,34
Camden,NJ,007,34
Cape May,NJ,009,34
Cumberland,NJ,011,34
Essex,NJ,013,34
Gloucester,NJ,015,34
Hudson,NJ,017,34
Hunterdon,NJ,019,34
Mercer,NJ,021,34
Middlesex,NJ,023,34
Monmouth,NJ,025,34
Morris,NJ,027,34
Ocean,NJ,029,34
Passaic,NJ,031,34
Salem,NJ,033,34
Somerset,NJ,035,34
Sussex,NJ,037,34
Union,NJ,039,34
Warren,NJ,041,34
Bernalillo,NM,001,35
Catron,NM,003,35
Chaves,NM,005,35
Cibola,NM,006,35
Colfax,NM,007,35
Curry,NM,009,35
De Baca,NM,011,35
Dona Ana,NM,013,35
Eddy,NM,015,35
Grant,NM,017,35
Guadalupe,NM,019,35
Harding,NM,021,35
Hidalgo,NM,023,35
Lea,NM,025,35
Lincoln,NM,027,35
Los Alamos,NM,028,35
Luna,NM,029,35
McKinley,NM,031,35
Mora,NM,033,35
Otero,NM,035,35
Quay,NM,037,35
Rio Arriba,NM,039,35
Roosevelt,NM,041,35
Sandoval,NM,043,35
San Juan,NM,045,35
San Miguel,NM,047,35
Santa Fe,NM,049,35
Sierra,NM,051,35
Socorro,NM,053,35
Taos,NM,055,35
Torrance,NM,057,35
Union,NM,059,35
Valencia,NM,061,35
Churchill,NV,001,32
Clark,NV,003,32
Douglas,NV,005,32
Elko,NV,007,32
Esmeralda,NV,009,32
Eureka,NV,011,32
Humboldt,NV,013,32
Lander,NV,015,32
Lincoln,NV,017,32
Lyon,NV,019,32
Mineral,NV,021,32
Nye,NV,023,32
Pershing,NV,027,32
Storey,NV,029,32
Washoe,NV,031,32
White Pine,NV,033,32
Carson City city,NV,510,32
Albany,NY,001,36
Allegany,NY,003,36
Bronx,NY,005,36
Broome,NY,007,36
Cattaraugus,NY,009,36
Cayuga,NY,011,36
Chautauqua,NY,013,36
Chemung,NY,015,36
Chenango,NY,017,36
Clinton,NY,019,36
Columbia,NY,021,36
Cortland,NY,023,36
Delaware,NY,025,36
Dutchess,NY,027,36
Erie,NY,029,36
Essex,NY,031,36
Franklin,NY,033,36
Fulton,NY,035,36
Genesee,NY,037,36
Greene,NY,039,36
Hamilton,NY,041,36
Herkimer,NY,043,36
Jefferson,NY,045,36
Kings,NY,047,36
Lewis,NY,049,36
Livingston,NY,051,36
Madison,NY,053,36
Monroe,NY,055,36
Montgomery,NY,057,36
Nassau,NY,059,36
New York,NY,061,36
Niagara,NY,063,36
Oneida,NY,065,36
Onondaga,NY,067,36
Ontario,NY,069,36
Orange,NY,071,36
Orleans,NY,073,36
Oswego,NY,075,36
Otsego,NY,077,36
Putnam,NY,079,36
Queens,NY,081,36
Rensselaer,NY,083,36
Richmond,NY,085,36
Rockland,NY,087,36
St. Lawrence,NY,089,36
Saratoga,NY,091,36
Schenectady,NY,093,36
Schoharie,NY,095,36
Schuyler,NY,097,36
Seneca,NY,099,36
Steuben,NY,101,36
Suffolk,NY,103,36
Sullivan,NY,105,36
Tioga,NY,107,36
Tompkins,NY,109,36
Ulster,NY,111,36
Warren,NY,113,36
Washington,NY,115,36
Wayne,NY,117,36
Westchester,NY,119,36
Wyoming,NY,121,36
Yates,NY,123,36
Adams,OH,001,39
Allen,OH,003,39
Ashland,OH,005,39
Ashtabula,OH,007,39
Athens,OH,009,39
Auglaize,OH,011,39
Belmont,OH,013,39
Brown,OH,015,39
Butler,OH,017,39
Carroll,OH,019,39
Champaign,OH,021,39
Clark,OH,023,39
Clermont,OH,025,39
Clinton,OH,027,39
Columbiana,OH,029,39
Coshocton,OH,031,39
Crawford,OH,033,39
Cuyahoga,OH,035,39
Darke,OH,037,39
Defiance,OH,039,39
Delaware,OH,041,39
Erie,OH,043,39
Fairfield,OH,045,39
Fayette,OH,047,39
Franklin,OH,049,39
Fulton,OH,051,39
Gallia,OH,053,39
Geauga,OH,055,39
Greene,OH,057,39
Guernsey,OH,059,39
Hamilton,OH,061,39
Hancock,OH,063,39
Hardin,OH,065,39
Harrison,OH,067,39
Henry,OH,069,39
Highland,OH,071,39
Hocking,OH,073,39
Holmes,OH,075,39
Huron,OH,077,39
Jackson,OH,079,39
Jefferson,OH,081,39
Knox,OH,083,39
Lake,OH,085,39
Lawrence,OH,087,39
Licking,OH,089,39
Logan,OH,091,39
Lorain,OH,093,39
Lucas,OH,095,39
Madison,OH,097,39
Mahoning,OH,099,39
Marion,OH,101,39
Medina,OH,103,39
Meigs,OH,105,39
Mercer,OH,107,39
Miami,OH,109,39
Monroe,OH,111,39
Montgomery,OH,113,39
Morgan,OH,115,39
Morrow,OH,117,39
Muskingum,OH,119,39
Noble,OH,121,39
Ottawa,OH,123,39
Paulding,OH,125,39
Perry,OH,127,39
Pickaway,OH,129,39
Pike,OH,131,39
Portage,OH,133,39
Preble,OH,135,39
Putnam,OH,137,39
Richland,OH,139,39
Ross,OH,141,39
Sandusky,OH,143,39
Scioto,OH,145,39
Seneca,OH,147,39
Shelby,OH,149,39
Stark,OH,151,39
Summit,OH,153,39
Trumbull,OH,155,39
Tuscarawas,OH,157,39
Union,OH,159,39
Van Wert,OH,161,39
Vinton,OH,163,39
Warren,OH,165,39
Washington,OH,167,39
Wayne,OH,169,39
Williams,OH,171,39
Wood,OH,173,39
Wyandot,OH,175,39
Adair,OK,001,40
Alfalfa,OK,003,40
Atoka,OK,005,40
Beaver,OK,007,40
Beckham,OK,009,40
Blaine,OK,011,40
Bryan,OK,013,40
Caddo,OK,015,40
Canadian,OK,017,40
Carter,OK,019,40
Cherokee,OK,021,40
Choctaw,OK,023,40
Cimarron,OK,025,40
Cleveland,OK,027,40
Coal,OK,029,40
Comanche,OK,031,40
Cotton,OK,033,40
Craig,OK,035,40
Creek,OK,037,40
Custer,OK,039,40
Delaware,OK,041,40
Dewey,OK,043,40
Ellis,OK,045,40
Garfield,OK,047,40
Garvin,OK,049,40
Grady,OK,051,40
Grant,OK,053,40
Greer,OK,055,40
Harmon,OK,057,40
Harper,OK,059,40
Haskell,OK,061,40
Hughes,OK,063,40
Jackson,OK,065,40
Jefferson,OK,067,40
Johnston,OK,069,40
Kay,OK,071,40
Kingfisher,OK,073,40
Kiowa,OK,075,40
Latimer,OK,077,40
Le Flore,OK,079,40
Lincoln,OK,081,40
Logan,OK,083,40
Love,OK,085,40
McClain,OK,087,40
McCurtain,OK,089,40
McIntosh,OK,091,40
Major,OK,093,40
Marshall,OK,095,40
Mayes,OK,097,40
Murray,OK,099,40
Muskogee,OK,101,40
Noble,OK,103,40
Nowata,OK,105,40
Okfuskee,OK,107,40
Oklahoma,OK,109,40
Okmulgee,OK,111,40
Osage,OK,113,40
Ottawa,OK,115,40
Pawnee,OK,117,40
Payne,OK,119,40
Pittsburg,OK,121,40
Pontotoc,OK,123,40
Pottawatomie,OK,125,40
Pushmataha,OK,127,40
Roger Mills,OK,129,40
Rogers,OK,131,40
Seminole,OK,133,40
Sequoyah,OK,135,40
Stephens,OK,137,40
Texas,OK,139,40
Tillman,OK,141,40
Tulsa,OK,143,40
Wagoner,OK,145,40
Washington,OK,147,40
Washita,OK,149,40
Woods,OK,151,40
Woodward,OK,153,40
Baker,OR,001,41
Benton,OR,003,41
Clackamas,OR,005,41
Clatsop,OR,007,41
Columbia,OR,009,41
Coos,OR,011,41
Crook,OR,013,41
Curry,OR,015,41
Deschutes,OR,017,41
Douglas,OR,019,41
Gilliam,OR,021,41
Grant,OR,023,41
Harney,OR,025,41
Hood River,OR,027,41
Jackson,OR,029,41
Jefferson,OR,031,41
Josephine,OR,033,41
Klamath,OR,035,41
Lake,OR,037,41
Lane,OR,039,41
Lincoln,OR,041,41
Linn,OR,043,41
Malheur,OR,045,41
Marion,OR,047,41
Morrow,OR,049,41
Multnomah,OR,051,41
Polk,OR,053,41
Sherman,OR,055,41
Tillamook,OR,057,41
Umatilla,OR,059,41
Union,OR,061,41
Wallowa,OR,063,41
Wasco,OR,065,41
Washington,OR,067,41
Wheeler,OR,069,41
Yamhill,OR,071,41
Adams,PA,001,42
Allegheny,PA,003,42
Armstrong,PA,005,42
Beaver,PA,007,42
Bedford,PA,009,42
Berks,PA,011,42
Blair,PA,013,42
Bradford,PA,015,42
Bucks,PA,017,42
Butler,PA,019,42
Cambria,PA,021,42
Cameron,PA,023,42
Carbon,PA,025,42
Centre,PA,027,42
Chester,PA,029,42
Clarion,PA,031,42
Clearfield,PA,033,42
Clinton,PA,035,42
Columbia,PA,037,42
Crawford,PA,039,42
Cumberland,PA,041,42
Dauphin,PA,043,42
Delaware,PA,045,42
Elk,PA,047,42
Erie,PA,049,42
Fayette,PA,051,42
Forest,PA,053,42
Franklin,PA,055,42
Fulton,PA,057,42
Greene,PA,059,42
Huntingdon,PA,061,42
Indiana,PA,063,42
Jefferson,PA,065,42
Juniata,PA,067,42
Lackawanna,PA,069,42
Lancaster,PA,071,42
Lawrence,PA,073,42
Lebanon,PA,075,42
Lehigh,PA,077,42
Luzerne,PA,079,42
Lycoming,PA,081,42
McKean,PA,083,42
Mercer,PA,085,42
Mifflin,PA,087,42
Monroe,PA,089,42
Montgomery,PA,091,42
Montour,PA,093,42
Northampton,PA,095,42
Northumberland,PA,097,42
Perry,PA,099,42
Philadelphia,PA,101,42
Pike,PA,103,42
Potter,PA,105,42
Schuylkill,PA,107,42
Snyder,PA,109,42
Somerset,PA,111,42
Sullivan,PA,113,42
Susquehanna,PA,115,42
Tioga,PA,117,42
Union,PA,119,42
Venango,PA,121,42
Warren,PA,123,42
Washington,PA,125,42
Wayne,PA,127,42
Westmoreland,PA,129,42
Wyoming,PA,131,42
York,PA,133,42
Bristol,RI,001,44
Kent,RI,003,44
Newport,RI,005,44
Providence,RI,007,44
Washington,RI,009,44
Abbeville,SC,001,45
Aiken,SC,003,45
Allendale,SC,005,45
Anderson,SC,007,45
Bamberg,SC,009,45
Barnwell,SC,011,45
Beaufort,SC,013,45
Berkeley,SC,015,45
Calhoun,SC,017,45
Charleston,SC,019,45
Cherokee,SC,021,45
Chester,SC,023,45
Chesterfield,SC,025,45
Clarendon,SC,027,45
Colleton,SC,029,45
Darlington,SC,031,45
Dillon,SC,033,45
Dorchester,SC,035,45
Edgefield,SC,037,45
Fairfield,SC,039,45
Florence,SC,041,45
Georgetown,SC,043,45
Greenville,SC,045,45
Greenwood,SC,047,45
Hampton,SC,049,45
Horry,SC,051,45
Jasper,SC,053,45
Kershaw,SC,055,45
Lancaster,SC,057,45
Laurens,SC,059,45
Lee,SC,061,45
Lexington,SC,063,45
McCormick,SC,065,45
Marion,SC,067,45
Marlboro,SC,069,45
Newberry,SC,071,45
Oconee,SC,073,45
Orangeburg,SC,075,45
Pickens,SC,077,45
Richland,SC,079,45
Saluda,SC,081,45
Spartanburg,SC,083,45
Sumter,SC,085,45
Union,SC,087,45
Williamsburg,SC,089,45
York,SC,091,45
Aurora,SD,003,46
Beadle,SD,005,46
Bennett,SD,007,46
Bon Homme,SD,009,46
Brookings,SD,011,46
Brown,SD,013,46
Brule,SD,015,46
Buffalo,SD,017,46
Butte,SD,019,46
Campbell,SD,021,46
Charles Mix,SD,023,46
Clark,SD,025,46
Clay,SD,027,46
Codington,SD,029,46
Corson,SD,031,46
Custer,SD,033,46
Davison,SD,035,46
Day,SD,037,46
Deuel,SD,039,46
Dewey,SD,041,46
Douglas,SD,043,46
Edmunds,SD,045,46
Fall River,SD,047,46
Faulk,SD,049,46
Grant,SD,051,46
Gregory,SD,053,46
Haakon,SD,055,46
Hamlin,SD,057,46
Hand,SD,059,46
Hanson,SD,061,46
Harding,SD,063,46
Hughes,SD,065,46
Hutchinson,SD,067,46
Hyde,SD,069,46
Jackson,SD,071,46
Jerauld,SD,073,46
Jones,SD,075,46
Kingsbury,SD,077,46
Lake,SD,079,46
Lawrence,SD,081,46
Lincoln,SD,083,46
Lyman,SD,085,46
McCook,SD,087,46
McPherson,SD,089,46
Marshall,SD,091,46
Meade,SD,093,46
Mellette,SD,095,46
Miner,SD,097,46
Minnehaha,SD,099,46
Moody,SD,101,46
Pennington,SD,103,46
Perkins,SD,105,46
Potter,SD,107,46
Roberts,SD,109,46
Sanborn,SD,111,46
Shannon,SD,113,46
Spink,SD,115,46
Stanley,SD,117,46
Sully,SD,119,46
Todd,SD,121,46
Tripp,SD,123,46
Turner,SD,125,46
Union,SD,127,46
Walworth,SD,129,46
Yankton,SD,135,46
Ziebach,SD,137,46
Anderson,TN,001,47
Bedford,TN,003,47
Benton,TN,005,47
Bledsoe,TN,007,47
Blount,TN,009,47
Bradley,TN,011,47
Campbell,TN,013,47
Cannon,TN,015,47
Carroll,TN,017,47
Carter,TN,019,47
Cheatham,TN,021,47
Chester,TN,023,47
Claiborne,TN,025,47
Clay,TN,027,47
Cocke,TN,029,47
Coffee,TN,031,47
Crockett,TN,033,47
Cumberland,TN,035,47
Davidson,TN,037,47
Decatur,TN,039,47
DeKalb,TN,041,47
Dickson,TN,043,47
Dyer,TN,045,47
Fayette,TN,047,47
Fentress,TN,049,47
Franklin,TN,051,47
Gibson,TN,053,47
Giles,TN,055,47
Grainger,TN,057,47
Greene,TN,059,47
Grundy,TN,061,47
Hamblen,TN,063,47
Hamilton,TN,065,47
Hancock,TN,067,47
Hardeman,TN,069,47
Hardin,TN,071,47
Hawkins,TN,073,47
Haywood,TN,075,47
Henderson,TN,077,47
Henry,TN,079,47
Hickman,TN,081,47
Houston,TN,083,47
Humphreys,TN,085,47
Jackson,TN,087,47
Jefferson,TN,089,47
Johnson,TN,091,47
Knox,TN,093,47
Lake,TN,095,47
Lauderdale,TN,097,47
Lawrence,TN,099,47
Lewis,TN,101,47
Lincoln,TN,103,47
Loudon,TN,105,47
McMinn,TN,107,47
McNairy,TN,109,47
Macon,TN,111,47
Madison,TN,113,47
Marion,TN,115,47
Marshall,TN,117,47
Maury,TN,119,47
Meigs,TN,121,47
Monroe,TN,123,47
Montgomery,TN,125,47
Moore,TN,127,47
Morgan,TN,129,47
Obion,TN,131,47
Overton,TN,133,47
Perry,TN,135,47
Pickett,TN,137,47
Polk,TN,139,47
Putnam,TN,141,47
Rhea,TN,143,47
Roane,TN,145,47
Robertson,TN,147,47
Rutherford,TN,149,47
Scott,TN,151,47
Sequatchie,TN,153,47
Sevier,TN,155,47
Shelby,TN,157,47
Smith,TN,159,47
Stewart,TN,161,47
Sullivan,TN,163,47
Sumner,TN,165,47
Tipton,TN,167,47
Trousdale,TN,169,47
Unicoi,TN,171,47
Union,TN,173,47
Van Buren,TN,175,47
Warren,TN,177,47
Washington,TN,179,47
Wayne,TN,181,47
Weakley,TN,183,47
White,TN,185,47
Williamson,TN,187,47
Wilson,TN,189,47
Anderson,TX,001,48
Andrews,TX,003,48
Angelina,TX,005,48
Aransas,TX,007,48
Archer,TX,009,48
Armstrong,TX,011,48
Atascosa,TX,013,48
Austin,TX,015,48
Bailey,TX,017,48
Bandera,TX,019,48
Bastrop,TX,021,48
Baylor,TX,023,48
Bee,TX,025,48
Bell,TX,027,48
Bexar,TX,029,48
Blanco,TX,031,48
Borden,TX,033,48
Bosque,TX,035,48
Bowie,TX,037,48
Brazoria,TX,039,48
Brazos,TX,041,48
Brewster,TX,043,48
Briscoe,TX,045,48
Brooks,TX,047,48
Brown,TX,049,48
Burleson,TX,051,48
Burnet,TX,053,48
Caldwell,TX,055,48
Calhoun,TX,057,48
Callahan,TX,059,48
Cameron,TX,061,48
Camp,TX,063,48
Carson,TX,065,48
Cass,TX,067,48
Castro,TX,069,48
Chambers,TX,071,48
Cherokee,TX,073,48
Childress,TX,075,48
Clay,TX,077,48
Cochran,TX,079,48
Coke,TX,081,48
Coleman,TX,083,48
Collin,TX,085,48
Collingsworth,TX,087,48
Colorado,TX,089,48
Comal,TX,091,48
Comanche,TX,093,48
Concho,TX,095,48
Cooke,TX,097,48
Coryell,TX,099,48
Cottle,TX,101,48
Crane,TX,103,48
Crockett,TX,105,48
Crosby,TX,107,48
Culberson,TX,109,48
Dallam,TX,111,48
Dallas,TX,113,48
Dawson,TX,115,48
Deaf Smith,TX,117,48
Delta,TX,119,48
Denton,TX,121,48
De Witt,TX,123,48
Dickens,TX,125,48
Dimmit,TX,127,48
Donley,TX,129,48
Duval,TX,131,48
Eastland,TX,133,48
Ector,TX,135,48
Edwards,TX,137,48
Ellis,TX,139,48
El Paso,TX,141,48
Erath,TX,143,48
Falls,TX,145,48
Fannin,TX,147,48
Fayette,TX,149,48
Fisher,TX,151,48
Floyd,TX,153,48
Foard,TX,155,48
Fort Bend,TX,157,48
Franklin,TX,159,48
Freestone,TX,161,48
Frio,TX,163,48
Gaines,TX,165,48
Galveston,TX,167,48
Garza,TX,169,48
Gillespie,TX,171,48
Glasscock,TX,173,48
Goliad,TX,175,48
Gonzales,TX,177,48
Gray,TX,179,48
Grayson,TX,181,48
Gregg,TX,183,48
Grimes,TX,185,48
Guadalupe,TX,187,48
Hale,TX,189,48
Hall,TX,191,48
Hamilton,TX,193,48
Hansford,TX,195,48
Hardeman,TX,197,48
Hardin,TX,199,48
Harris,TX,201,48
Harrison,TX,203,48
Hartley,TX,205,48
Haskell,TX,207,48
Hays,TX,209,48
Hemphill,TX,211,48
Henderson,TX,213,48
Hidalgo,TX,215,48
Hill,TX,217,48
Hockley,TX,219,48
Hood,TX,221,48
Hopkins,TX,223,48
Houston,TX,225,48
Howard,TX,227,48
Hudspeth,TX,229,48
Hunt,TX,231,48
Hutchinson,TX,233,48
Irion,TX,235,48
Jack,TX,237,48
Jackson,TX,239,48
Jasper,TX,241,48
Jeff Davis,TX,243,48
Jefferson,TX,245,48
Jim Hogg,TX,247,48
Jim Wells,TX,249,48
Johnson,TX,251,48
Jones,TX,253,48
Karnes,TX,255,48
Kaufman,TX,257,48
Kendall,TX,259,48
Kenedy,TX,261,48
Kent,TX,263,48
Kerr,TX,265,48
Kimble,TX,267,48
King,TX,269,48
Kinney,TX,271,48
Kleberg,TX,273,48
Knox,TX,275,48
Lamar,TX,277,48
Lamb,TX,279,48
Lampasas,TX,281,48
La Salle,TX,283,48
Lavaca,TX,285,48
Lee,TX,287,48
Leon,TX,289,48
Liberty,TX,291,48
Limestone,TX,293,48
Lipscomb,TX,295,48
Live Oak,TX,297,48
Llano,TX,299,48
Loving,TX,301,48
Lubbock,TX,303,48
Lynn,TX,305,48
McCulloch,TX,307,48
McLennan,TX,309,48
McMullen,TX,311,48
Madison,TX,313,48
Marion,TX,315,48
Martin,TX,317,48
Mason,TX,319,48
Matagorda,TX,321,48
Maverick,TX,323,48
Medina,TX,325,48
Menard,TX,327,48
Midland,TX,329,48
Milam,TX,331,48
Mills,TX,333,48
Mitchell,TX,335,48
Montague,TX,337,48
Montgomery,TX,339,48
Moore,TX,341,48
Morris,TX,343,48
Motley,TX,345,48
Nacogdoches,TX,347,48
Navarro,TX,349,48
Newton,TX,351,48
Nolan,TX,353,48
Nueces,TX,355,48
Ochiltree,TX,357,48
Oldham,TX,359,48
Orange,TX,361,48
Palo Pinto,TX,363,48
Panola,TX,365,48
Parker,TX,367,48
Parmer,TX,369,48
Pecos,TX,371,48
Polk,TX,373,48
Potter,TX,375,48
Presidio,TX,377,48
Rains,TX,379,48
Randall,TX,381,48
Reagan,TX,383,48
Real,TX,385,48
Red River,TX,387,48
Reeves,TX,389,48
Refugio,TX,391,48
Roberts,TX,393,48
Robertson,TX,395,48
Rockwall,TX,397,48
Runnels,TX,399,48
Rusk,TX,401,48
Sabine,TX,403,48
San Augustine,TX,405,48
San Jacinto,TX,407,48
San Patricio,TX,409,48
San Saba,TX,411,48
Schleicher,TX,413,48
Scurry,TX,415,48
Shackelford,TX,417,48
Shelby,TX,419,48
Sherman,TX,421,48
Smith,TX,423,48
Somervell,TX,425,48
Starr,TX,427,48
Stephens,TX,429,48
Sterling,TX,431,48
Stonewall,TX,433,48
Sutton,TX,435,48
Swisher,TX,437,48
Tarrant,TX,439,48
Taylor,TX,441,48
Terrell,TX,443,48
Terry,TX,445,48
Throckmorton,TX,447,48
Titus,TX,449,48
Tom Green,TX,451,48
Travis,TX,453,48
Trinity,TX,455,48
Tyler,TX,457,48
Upshur,TX,459,48
Upton,TX,461,48
Uvalde,TX,463,48
Val Verde,TX,465,48
Van Zandt,TX,467,48
Victoria,TX,469,48
Walker,TX,471,48
Waller,TX,473,48
Ward,TX,475,48
Washington,TX,477,48
Webb,TX,479,48
Wharton,TX,481,48
Wheeler,TX,483,48
Wichita,TX,485,48
Wilbarger,TX,487,48
Willacy,TX,489,48
Williamson,TX,491,48
Wilson,TX,493,48
Winkler,TX,495,48
Wise,TX,497,48
Wood,TX,499,48
Yoakum,TX,501,48
Young,TX,503,48
Zapata,TX,505,48
Zavala,TX,507,48
Beaver,UT,001,49
Box Elder,UT,003,49
Cache,UT,005,49
Carbon,UT,007,49
Daggett,UT,009,49
Davis,UT,011,49
Duchesne,UT,013,49
Emery,UT,015,49
Garfield,UT,017,49
Grand,UT,019,49
Iron,UT,021,49
Juab,UT,023,49
Kane,UT,025,49
Millard,UT,027,49
Morgan,UT,029,49
Piute,UT,031,49
Rich,UT,033,49
Salt Lake,UT,035,49
San Juan,UT,037,49
Sanpete,UT,039,49
Sevier,UT,041,49
Summit,UT,043,49
Tooele,UT,045,49
Uintah,UT,047,49
Utah,UT,049,49
Wasatch,UT,051,49
Washington,UT,053,49
Wayne,UT,055,49
Weber,UT,057,49
Accomack,VA,001,51
Albemarle,VA,003,51
Alleghany,VA,005,51
Amelia,VA,007,51
Amherst,VA,009,51
Appomattox,VA,011,51
Arlington,VA,013,51
Augusta,VA,015,51
Bath,VA,017,51
Bedford,VA,019,51
Bland,VA,021,51
Botetourt,VA,023,51
Brunswick,VA,025,51
Buchanan,VA,027,51
Buckingham,VA,029,51
Campbell,VA,031,51
Caroline,VA,033,51
Carroll,VA,035,51
Charles City,VA,036,51
Charlotte,VA,037,51
Chesterfield,VA,041,51
Clarke,VA,043,51
Craig,VA,045,51
Culpeper,VA,047,51
Cumberland,VA,049,51
Dickenson,VA,051,51
Dinwiddie,VA,053,51
Essex,VA,057,51
Fairfax,VA,059,51
Fauquier,VA,061,51
Floyd,VA,063,51
Fluvanna,VA,065,51
Franklin,VA,067,51
Frederick,VA,069,51
Giles,VA,071,51
Gloucester,VA,073,51
Goochland,VA,075,51
Grayson,VA,077,51
Greene,VA,079,51
Greensville,VA,081,51
Halifax,VA,083,51
Hanover,VA,085,51
Henrico,VA,087,51
Henry,VA,089,51
Highland,VA,091,51
Isle of Wight,VA,093,51
James City,VA,095,51
King and Queen,VA,097,51
King George,VA,099,51
King William,VA,101,51
Lancaster,VA,103,51
Lee,VA,105,51
Loudoun,VA,107,51
Louisa,VA,109,51
Lunenburg,VA,111,51
Madison,VA,113,51
Mathews,VA,115,51
Mecklenburg,VA,117,51
Middlesex,VA,119,51
Montgomery,VA,121,51
Nelson,VA,125,51
New Kent,VA,127,51
Northampton,VA,131,51
Northumberland,VA,133,51
Nottoway,VA,135,51
Orange,VA,137,51
Page,VA,139,51
Patrick,VA,141,51
Pittsylvania,VA,143,51
Powhatan,VA,145,51
Prince Edward,VA,147,51
Prince George,VA,149,51
Prince William,VA,153,51
Pulaski,VA,155,51
Rappahannock,VA,157,51
Richmond,VA,159,51
Roanoke,VA,161,51
Rockbridge,VA,163,51
Rockingham,VA,165,51
Russell,VA,167,51
Scott,VA,169,51
Shenandoah,VA,171,51
Smyth,VA,173,51
Southampton,VA,175,51
Spotsylvania,VA,177,51
Stafford,VA,179,51
Surry,VA,181,51
Sussex,VA,183,51
Tazewell,VA,185,51
Warren,VA,187,51
Washington,VA,191,51
Westmoreland,VA,193,51
Wise,VA,195,51
Wythe,VA,197,51
York,VA,199,51
Alexandria,VA,510,51
Bedford,VA,515,51
Bristol,VA,520,51
Buena Vista,VA,530,51
Charlottesville,VA,540,51
Chesapeake,VA,550,51
Clifton Forge,VA,560,51
Colonial Heights,VA,570,51
Covington,VA,580,51
Danville,VA,590,51
Emporia,VA,595,51
Fairfax,VA,600,51
Falls Church,VA,610,51
Franklin,VA,620,51
Fredericksburg,VA,630,51
Galax,VA,640,51
Hampton,VA,650,51
Harrisonburg,VA,660,51
Hopewell,VA,670,51
Lexington,VA,678,51
Lynchburg,VA,680,51
Manassas,VA,683,51
Manassas Park,VA,685,51
Martinsville,VA,690,51
Newport News,VA,700,51
Norfolk,VA,710,51
Norton,VA,720,51
Petersburg,VA,730,51
Poquoson,VA,735,51
Portsmouth,VA,740,51
Radford,VA,750,51
Richmond,VA,760,51
Roanoke,VA,770,51
Salem,VA,775,51
South Boston,VA,780,51
Staunton,VA,790,51
Suffolk,VA,800,51
Virginia Beach,VA,810,51
Waynesboro,VA,820,51
Williamsburg,VA,830,51
Winchester,VA,840,51
Addison,VT,001,50
Bennington,VT,003,50
Caledonia,VT,005,50
Chittenden,VT,007,50
Essex,VT,009,50
Franklin,VT,011,50
Grand Isle,VT,013,50
Lamoille,VT,015,50
Orange,VT,017,50
Orleans,VT,019,50
Rutland,VT,021,50
Washington,VT,023,50
Windham,VT,025,50
Windsor,VT,027,50
Adams,WA,001,53
Asotin,WA,003,53
Benton,WA,005,53
Chelan,WA,007,53
Clallam,WA,009,53
Clark,WA,011,53
Columbia,WA,013,53
Cowlitz,WA,015,53
Douglas,WA,017,53
Ferry,WA,019,53
Franklin,WA,021,53
Garfield,WA,023,53
Grant,WA,025,53
Grays Harbor,WA,027,53
Island,WA,029,53
Jefferson,WA,031,53
King,WA,033,53
Kitsap,WA,035,53
Kittitas,WA,037,53
Klickitat,WA,039,53
Lewis,WA,041,53
Lincoln,WA,043,53
Mason,WA,045,53
Okanogan,WA,047,53
Pacific,WA,049,53
Pend Oreille,WA,051,53
Pierce,WA,053,53
San Juan,WA,055,53
Skagit,WA,057,53
Skamania,WA,059,53
Snohomish,WA,061,53
Spokane,WA,063,53
Stevens,WA,065,53
Thurston,WA,067,53
Wahkiakum,WA,069,53
Walla Walla,WA,071,53
Whatcom,WA,073,53
Whitman,WA,075,53
Yakima,WA,077,53
Adams,WI,001,55
Ashland,WI,003,55
Barron,WI,005,55
Bayfield,WI,007,55
Brown,WI,009,55
Buffalo,WI,011,55
Burnett,WI,013,55
Calumet,WI,015,55
Chippewa,WI,017,55
Clark,WI,019,55
Columbia,WI,021,55
Crawford,WI,023,55
Dane,WI,025,55
Dodge,WI,027,55
Door,WI,029,55
Douglas,WI,031,55
Dunn,WI,033,55
Eau Claire,WI,035,55
Florence,WI,037,55
Fond du Lac,WI,039,55
Forest,WI,041,55
Grant,WI,043,55
Green,WI,045,55
Green Lake,WI,047,55
Iowa,WI,049,55
Iron,WI,051,55
Jackson,WI,053,55
Jefferson,WI,055,55
Juneau,WI,057,55
Kenosha,WI,059,55
Kewaunee,WI,061,55
La Crosse,WI,063,55
Lafayette,WI,065,55
Langlade,WI,067,55
Lincoln,WI,069,55
Manitowoc,WI,071,55
Marathon,WI,073,55
Marinette,WI,075,55
Marquette,WI,077,55
Menominee,WI,078,55
Milwaukee,WI,079,55
Monroe,WI,081,55
Oconto,WI,083,55
Oneida,WI,085,55
Outagamie,WI,087,55
Ozaukee,WI,089,55
Pepin,WI,091,55
Pierce,WI,093,55
Polk,WI,095,55
Portage,WI,097,55
Price,WI,099,55
Racine,WI,101,55
Richland,WI,103,55
Rock,WI,105,55
Rusk,WI,107,55
St. Croix,WI,109,55
Sauk,WI,111,55
Sawyer,WI,113,55
Shawano,WI,115,55
Sheboygan,WI,117,55
Taylor,WI,119,55
Trempealeau,WI,121,55
Vernon,WI,123,55
Vilas,WI,125,55
Walworth,WI,127,55
Washburn,WI,129,55
Washington,WI,131,55
Waukesha,WI,133,55
Waupaca,WI,135,55
Waushara,WI,137,55
Winnebago,WI,139,55
Wood,WI,141,55
Barbour,WV,001,54
Berkeley,WV,003,54
Boone,WV,005,54
Braxton,WV,007,54
Brooke,WV,009,54
Cabell,WV,011,54
Calhoun,WV,013,54
Clay,WV,015,54
Doddridge,WV,017,54
Fayette,WV,019,54
Gilmer,WV,021,54
Grant,WV,023,54
Greenbrier,WV,025,54
Hampshire,WV,027,54
Hancock,WV,029,54
Hardy,WV,031,54
Harrison,WV,033,54
Jackson,WV,035,54
Jefferson,WV,037,54
Kanawha,WV,039,54
Lewis,WV,041,54
Lincoln,WV,043,54
Logan,WV,045,54
McDowell,WV,047,54
Marion,WV,049,54
Marshall,WV,051,54
Mason,WV,053,54
Mercer,WV,055,54
Mineral,WV,057,54
Mingo,WV,059,54
Monongalia,WV,061,54
Monroe,WV,063,54
Morgan,WV,065,54
Nicholas,WV,067,54
Ohio,WV,069,54
Pendleton,WV,071,54
Pleasants,WV,073,54
Pocahontas,WV,075,54
Preston,WV,077,54
Putnam,WV,079,54
Raleigh,WV,081,54
Randolph,WV,083,54
Ritchie,WV,085,54
Roane,WV,087,54
Summers,WV,089,54
Taylor,WV,091,54
Tucker,WV,093,54
Tyler,WV,095,54
Upshur,WV,097,54
Wayne,WV,099,54
Webster,WV,101,54
Wetzel,WV,103,54
Wirt,WV,105,54
Wood,WV,107,54
Wyoming,WV,109,54
Albany,WY,001,56
Big Horn,WY,003,56
Campbell,WY,005,56
Carbon,WY,007,56
Converse,WY,009,56
Crook,WY,011,56
Fremont,WY,013,56
Goshen,WY,015,56
Hot Springs,WY,017,56
Johnson,WY,019,56
Laramie,WY,021,56
Lincoln,WY,023,56
Natrona,WY,025,56
Niobrara,WY,027,56
Park,WY,029,56
Platte,WY,031,56
Sheridan,WY,033,56
Sublette,WY,035,56
Sweetwater,WY,037,56
Teton,WY,039,56
Uinta,WY,041,56
Washakie,WY,043,56
Weston,WY,045,56